﻿<?xml version="1.0" encoding="UTF-8"?>
<document reference="suspicious-document00179.txt">
  <feature name="about" authors="Garland, Hamlin" title="The Trail of the Goldseekers A Record of Travel in Prose and Verse" lang="en" />
  <feature name="md5Hash" value="dd445323741aa6c0db492b51aed8e125" />
  <feature name="plagiarism" type="artificial" obfuscation="high" this_language="en" this_offset="16242" this_length="24125" source_reference="source-document10586.txt" source_language="en" source_offset="1090212" source_length="24136" />
  <feature name="plagiarism" type="artificial" obfuscation="high" this_language="en" this_offset="64166" this_length="3623" source_reference="source-document10586.txt" source_language="en" source_offset="1071713" source_length="3771" />
  <feature name="plagiarism" type="artificial" obfuscation="high" this_language="en" this_offset="73648" this_length="14557" source_reference="source-document10586.txt" source_language="en" source_offset="205084" source_length="23965" />
  <feature name="plagiarism" type="artificial" obfuscation="high" this_language="en" this_offset="124742" this_length="4401" source_reference="source-document10586.txt" source_language="en" source_offset="979218" source_length="4461" />
  <feature name="plagiarism" type="artificial" obfuscation="high" this_language="en" this_offset="138630" this_length="23356" source_reference="source-document10586.txt" source_language="en" source_offset="817703" source_length="22735" />
  <feature name="plagiarism" type="artificial" obfuscation="high" this_language="en" this_offset="191217" this_length="1896" source_reference="source-document10586.txt" source_language="en" source_offset="932384" source_length="3680" />
  <feature name="plagiarism" type="artificial" obfuscation="high" this_language="en" this_offset="198572" this_length="1822" source_reference="source-document10586.txt" source_language="en" source_offset="303048" source_length="1965" />
  <feature name="plagiarism" type="artificial" obfuscation="high" this_language="en" this_offset="218772" this_length="21560" source_reference="source-document10586.txt" source_language="en" source_offset="1448040" source_length="23557" />
  <feature name="plagiarism" type="artificial" obfuscation="high" this_language="en" this_offset="258984" this_length="4545" source_reference="source-document10586.txt" source_language="en" source_offset="562788" source_length="4709" />
  <feature name="plagiarism" type="artificial" obfuscation="high" this_language="en" this_offset="272173" this_length="2203" source_reference="source-document04349.txt" source_language="en" source_offset="0" source_length="2337" />
  <feature name="plagiarism" type="artificial" obfuscation="high" this_language="en" this_offset="275910" this_length="712" source_reference="source-document04349.txt" source_language="en" source_offset="2794" source_length="775" />
  <feature name="plagiarism" type="artificial" obfuscation="high" this_language="en" this_offset="279211" this_length="1764" source_reference="source-document10586.txt" source_language="en" source_offset="987915" source_length="1958" />
  <feature name="plagiarism" type="artificial" obfuscation="high" this_language="en" this_offset="287732" this_length="3928" source_reference="source-document10586.txt" source_language="en" source_offset="1199122" source_length="4211" />
  <feature name="plagiarism" type="artificial" obfuscation="high" this_language="en" this_offset="292531" this_length="756" source_reference="source-document10586.txt" source_language="en" source_offset="1051415" source_length="797" />
  <feature name="plagiarism" type="artificial" obfuscation="high" this_language="en" this_offset="294520" this_length="254" source_reference="source-document10586.txt" source_language="en" source_offset="999856" source_length="227" />
  <feature name="plagiarism" type="artificial" obfuscation="high" this_language="en" this_offset="295032" this_length="271" source_reference="source-document10586.txt" source_language="en" source_offset="854803" source_length="249" />
  <feature name="plagiarism" type="artificial" obfuscation="high" this_language="en" this_offset="296051" this_length="733" source_reference="source-document10586.txt" source_language="en" source_offset="968521" source_length="726" />
</document>

