﻿<?xml version="1.0" encoding="UTF-8"?>
<document reference="suspicious-document00386.txt">
  <feature name="about" authors="Hall, S. C., Mrs." title="Turns of Fortune And Other Tales" lang="en" />
  <feature name="md5Hash" value="2e4ec462c32da7e2f45aafb0ce555c90" />
  <feature name="plagiarism" type="artificial" obfuscation="high" this_language="en" this_offset="3900" this_length="17344" source_reference="source-document08387.txt" source_language="en" source_offset="28998" source_length="21572" />
  <feature name="plagiarism" type="artificial" obfuscation="high" this_language="en" this_offset="28830" this_length="12885" source_reference="source-document00243.txt" source_language="en" source_offset="944" source_length="17498" />
  <feature name="plagiarism" type="artificial" obfuscation="high" this_language="en" this_offset="44522" this_length="4252" source_reference="source-document05348.txt" source_language="en" source_offset="1953" source_length="5013" />
  <feature name="plagiarism" type="artificial" obfuscation="high" this_language="en" this_offset="50775" this_length="12005" source_reference="source-document04077.txt" source_language="en" source_offset="44403" source_length="16930" />
  <feature name="plagiarism" type="artificial" obfuscation="high" this_language="en" this_offset="68083" this_length="1694" source_reference="source-document04077.txt" source_language="en" source_offset="63177" source_length="1548" />
  <feature name="plagiarism" type="artificial" obfuscation="high" this_language="en" this_offset="71260" this_length="7899" source_reference="source-document08387.txt" source_language="en" source_offset="8448" source_length="16808" />
  <feature name="plagiarism" type="artificial" obfuscation="high" this_language="en" this_offset="84285" this_length="22395" source_reference="source-document04077.txt" source_language="en" source_offset="5401" source_length="23205" />
  <feature name="plagiarism" type="artificial" obfuscation="high" this_language="en" this_offset="115070" this_length="4595" source_reference="source-document04077.txt" source_language="en" source_offset="34936" source_length="4743" />
  <feature name="plagiarism" type="artificial" obfuscation="high" this_language="en" this_offset="123483" this_length="10742" source_reference="source-document05070.txt" source_language="en" source_offset="5677" source_length="15402" />
  <feature name="plagiarism" type="artificial" obfuscation="high" this_language="en" this_offset="141234" this_length="11787" source_reference="source-document03484.txt" source_language="en" source_offset="74420" source_length="20276" />
  <feature name="plagiarism" type="artificial" obfuscation="high" this_language="en" this_offset="155073" this_length="3410" source_reference="source-document03484.txt" source_language="en" source_offset="38422" source_length="3471" />
  <feature name="plagiarism" type="artificial" obfuscation="high" this_language="en" this_offset="161811" this_length="21230" source_reference="source-document03484.txt" source_language="en" source_offset="163180" source_length="23755" />
  <feature name="plagiarism" type="artificial" obfuscation="high" this_language="en" this_offset="189644" this_length="3527" source_reference="source-document03484.txt" source_language="en" source_offset="5813" source_length="4742" />
  <feature name="plagiarism" type="artificial" obfuscation="high" this_language="en" this_offset="193575" this_length="837" source_reference="source-document05348.txt" source_language="en" source_offset="12886" source_length="769" />
  <feature name="plagiarism" type="artificial" obfuscation="high" this_language="en" this_offset="195333" this_length="1698" source_reference="source-document03484.txt" source_language="en" source_offset="22397" source_length="1761" />
  <feature name="plagiarism" type="artificial" obfuscation="high" this_language="en" this_offset="197032" this_length="1476" source_reference="source-document08387.txt" source_language="en" source_offset="5883" source_length="1456" />
  <feature name="plagiarism" type="artificial" obfuscation="high" this_language="en" this_offset="198905" this_length="571" source_reference="source-document05348.txt" source_language="en" source_offset="11897" source_length="506" />
  <feature name="plagiarism" type="artificial" obfuscation="high" this_language="en" this_offset="199477" this_length="522" source_reference="source-document00243.txt" source_language="en" source_offset="402" source_length="500" />
  <feature name="plagiarism" type="artificial" obfuscation="high" this_language="en" this_offset="200261" this_length="468" source_reference="source-document03484.txt" source_language="en" source_offset="62439" source_length="534" />
</document>

