﻿<?xml version="1.0" encoding="UTF-8"?>
<document reference="suspicious-document00327.txt">
  <feature name="about" authors="Keane, William" title="In-Door Gardening for Every Week in the Year Showing the Most Successful Treatment for all Plants Cultivated in the Greenhouse, Conservatory, Stove, Pit, Orchid, and Forcing-house" lang="en" />
  <feature name="md5Hash" value="adb25a5237709de2d4836c8d18da3290" />
  <feature name="plagiarism" type="artificial" obfuscation="low" this_language="en" this_offset="1342" this_length="22527" source_reference="source-document06857.txt" source_language="en" source_offset="96125" source_length="22475" />
  <feature name="plagiarism" type="artificial" obfuscation="low" this_language="en" this_offset="27131" this_length="18059" source_reference="source-document06857.txt" source_language="en" source_offset="184895" source_length="18440" />
  <feature name="plagiarism" type="artificial" obfuscation="low" this_language="en" this_offset="46612" this_length="23491" source_reference="source-document06857.txt" source_language="en" source_offset="150946" source_length="24721" />
  <feature name="plagiarism" type="artificial" obfuscation="low" this_language="en" this_offset="71764" this_length="17501" source_reference="source-document06857.txt" source_language="en" source_offset="7576" source_length="17410" />
  <feature name="plagiarism" type="artificial" obfuscation="low" this_language="en" this_offset="91673" this_length="20790" source_reference="source-document06857.txt" source_language="en" source_offset="226401" source_length="20971" />
  <feature name="plagiarism" type="artificial" obfuscation="low" this_language="en" this_offset="114049" this_length="525" source_reference="source-document06857.txt" source_language="en" source_offset="250202" source_length="517" />
  <feature name="plagiarism" type="artificial" obfuscation="low" this_language="en" this_offset="117168" this_length="23623" source_reference="source-document06857.txt" source_language="en" source_offset="60555" source_length="25032" />
  <feature name="plagiarism" type="artificial" obfuscation="low" this_language="en" this_offset="141772" this_length="13101" source_reference="source-document06857.txt" source_language="en" source_offset="28829" source_length="19301" />
  <feature name="plagiarism" type="artificial" obfuscation="low" this_language="en" this_offset="157262" this_length="17996" source_reference="source-document06857.txt" source_language="en" source_offset="122249" source_length="18200" />
  <feature name="plagiarism" type="artificial" obfuscation="low" this_language="en" this_offset="176592" this_length="2689" source_reference="source-document06857.txt" source_language="en" source_offset="91271" source_length="2744" />
  <feature name="plagiarism" type="artificial" obfuscation="low" this_language="en" this_offset="180848" this_length="16675" source_reference="source-document06857.txt" source_language="en" source_offset="207910" source_length="17320" />
  <feature name="plagiarism" type="artificial" obfuscation="low" this_language="en" this_offset="198326" this_length="17743" source_reference="source-document04964.txt" source_language="en" source_offset="105186" source_length="17018" />
  <feature name="plagiarism" type="artificial" obfuscation="low" this_language="en" this_offset="217557" this_length="270" source_reference="source-document03762.txt" source_language="en" source_offset="286061" source_length="275" />
  <feature name="plagiarism" type="artificial" obfuscation="low" this_language="en" this_offset="217926" this_length="278" source_reference="source-document06857.txt" source_language="en" source_offset="147537" source_length="273" />
  <feature name="plagiarism" type="artificial" obfuscation="low" this_language="en" this_offset="218205" this_length="255" source_reference="source-document03762.txt" source_language="en" source_offset="74293" source_length="261" />
  <feature name="plagiarism" type="artificial" obfuscation="low" this_language="en" this_offset="218461" this_length="233" source_reference="source-document03762.txt" source_language="en" source_offset="116660" source_length="226" />
</document>

