﻿<?xml version="1.0" encoding="UTF-8"?>
<document reference="suspicious-document00252.txt">
  <feature name="about" authors="Schiller, Friedrich" title="History of the Revolt of the Netherlands — Volume 04" lang="en" />
  <feature name="md5Hash" value="6b5c7c00fd5a06f4c92d7a3d0747ef51" />
  <feature name="plagiarism" type="artificial" obfuscation="low" this_language="en" this_offset="56" this_length="1892" source_reference="source-document05112.txt" source_language="en" source_offset="322075" source_length="1863" />
  <feature name="plagiarism" type="artificial" obfuscation="low" this_language="en" this_offset="5446" this_length="3855" source_reference="source-document09246.txt" source_language="en" source_offset="11253" source_length="3919" />
  <feature name="plagiarism" type="artificial" obfuscation="low" this_language="en" this_offset="10010" this_length="4016" source_reference="source-document00758.txt" source_language="en" source_offset="25083" source_length="4061" />
  <feature name="plagiarism" type="artificial" obfuscation="low" this_language="en" this_offset="21059" this_length="17563" source_reference="source-document09246.txt" source_language="en" source_offset="108091" source_length="17040" />
  <feature name="plagiarism" type="artificial" obfuscation="low" this_language="en" this_offset="49626" this_length="21881" source_reference="source-document05112.txt" source_language="en" source_offset="112514" source_length="23518" />
  <feature name="plagiarism" type="artificial" obfuscation="low" this_language="en" this_offset="88352" this_length="15814" source_reference="source-document05112.txt" source_language="en" source_offset="353319" source_length="17754" />
  <feature name="plagiarism" type="artificial" obfuscation="low" this_language="en" this_offset="121973" this_length="24466" source_reference="source-document00758.txt" source_language="en" source_offset="404" source_length="21282" />
  <feature name="plagiarism" type="artificial" obfuscation="low" this_language="en" this_offset="158387" this_length="13356" source_reference="source-document09246.txt" source_language="en" source_offset="56093" source_length="16145" />
  <feature name="plagiarism" type="artificial" obfuscation="low" this_language="en" this_offset="176301" this_length="17697" source_reference="source-document09246.txt" source_language="en" source_offset="22951" source_length="18030" />
  <feature name="plagiarism" type="artificial" obfuscation="low" this_language="en" this_offset="210563" this_length="16700" source_reference="source-document05112.txt" source_language="en" source_offset="330641" source_length="15955" />
  <feature name="plagiarism" type="artificial" obfuscation="low" this_language="en" this_offset="231208" this_length="4061" source_reference="source-document09246.txt" source_language="en" source_offset="101581" source_length="4080" />
  <feature name="plagiarism" type="artificial" obfuscation="low" this_language="en" this_offset="248077" this_length="25422" source_reference="source-document05112.txt" source_language="en" source_offset="177150" source_length="22728" />
  <feature name="plagiarism" type="artificial" obfuscation="low" this_language="en" this_offset="278304" this_length="2335" source_reference="source-document09246.txt" source_language="en" source_offset="1576" source_length="2349" />
  <feature name="plagiarism" type="artificial" obfuscation="low" this_language="en" this_offset="282044" this_length="21996" source_reference="source-document05112.txt" source_language="en" source_offset="199878" source_length="20418" />
  <feature name="plagiarism" type="artificial" obfuscation="low" this_language="en" this_offset="317935" this_length="3031" source_reference="source-document00758.txt" source_language="en" source_offset="21994" source_length="3002" />
</document>

