﻿<?xml version="1.0" encoding="UTF-8"?>
<document reference="suspicious-document00430.txt">
  <feature name="about" authors="Neuhaus, Eugen" title="The Galleries of the Exposition" lang="en" />
  <feature name="md5Hash" value="dd4f67244f04c92b642226b0d94b875f" />
  <feature name="plagiarism" type="translation" manual_obfuscation="false" this_language="en" this_offset="28603" this_length="13769" source_reference="source-document07766.txt" source_language="es" source_offset="638008" source_length="15307" />
  <feature name="plagiarism" type="translation" manual_obfuscation="false" this_language="en" this_offset="56471" this_length="3877" source_reference="source-document07766.txt" source_language="es" source_offset="624482" source_length="4469" />
  <feature name="plagiarism" type="translation" manual_obfuscation="false" this_language="en" this_offset="78281" this_length="20101" source_reference="source-document09846.txt" source_language="es" source_offset="227134" source_length="22283" />
  <feature name="plagiarism" type="translation" manual_obfuscation="false" this_language="en" this_offset="136410" this_length="651" source_reference="source-document01622.txt" source_language="es" source_offset="354375" source_length="711" />
  <feature name="plagiarism" type="translation" manual_obfuscation="false" this_language="en" this_offset="144916" this_length="2878" source_reference="source-document07766.txt" source_language="es" source_offset="659063" source_length="3187" />
  <feature name="plagiarism" type="translation" manual_obfuscation="false" this_language="en" this_offset="149370" this_length="226" source_reference="source-document07766.txt" source_language="es" source_offset="675199" source_length="233" />
</document>

