﻿<?xml version="1.0" encoding="UTF-8"?>
<document reference="suspicious-document00427.txt">
  <feature name="about" authors="Burnett, Frances Hodgson" title="The Shuttle" lang="en" />
  <feature name="md5Hash" value="8190740c84a4a8c302d75905e8f6c8f1" />
  <feature name="plagiarism" type="translation" manual_obfuscation="false" this_language="en" this_offset="2028" this_length="14646" source_reference="source-document10990.txt" source_language="es" source_offset="326123" source_length="16280" />
  <feature name="plagiarism" type="translation" manual_obfuscation="false" this_language="en" this_offset="22159" this_length="3610" source_reference="source-document05299.txt" source_language="es" source_offset="43023" source_length="4063" />
  <feature name="plagiarism" type="translation" manual_obfuscation="false" this_language="en" this_offset="30076" this_length="15126" source_reference="source-document09773.txt" source_language="es" source_offset="207171" source_length="16479" />
  <feature name="plagiarism" type="translation" manual_obfuscation="false" this_language="en" this_offset="51807" this_length="17930" source_reference="source-document05299.txt" source_language="es" source_offset="2220" source_length="20122" />
  <feature name="plagiarism" type="translation" manual_obfuscation="false" this_language="en" this_offset="77189" this_length="21824" source_reference="source-document09773.txt" source_language="es" source_offset="167783" source_length="23740" />
  <feature name="plagiarism" type="translation" manual_obfuscation="false" this_language="en" this_offset="108130" this_length="1295" source_reference="source-document02359.txt" source_language="es" source_offset="5949" source_length="1439" />
  <feature name="plagiarism" type="translation" manual_obfuscation="false" this_language="en" this_offset="110002" this_length="674" source_reference="source-document03144.txt" source_language="es" source_offset="6612" source_length="741" />
  <feature name="plagiarism" type="translation" manual_obfuscation="false" this_language="en" this_offset="111925" this_length="3590" source_reference="source-document09773.txt" source_language="es" source_offset="130502" source_length="3994" />
  <feature name="plagiarism" type="translation" manual_obfuscation="false" this_language="en" this_offset="116009" this_length="253" source_reference="source-document09773.txt" source_language="es" source_offset="321805" source_length="271" />
  <feature name="plagiarism" type="translation" manual_obfuscation="false" this_language="en" this_offset="117599" this_length="14507" source_reference="source-document10990.txt" source_language="es" source_offset="471170" source_length="16503" />
  <feature name="plagiarism" type="translation" manual_obfuscation="false" this_language="en" this_offset="141460" this_length="21492" source_reference="source-document09773.txt" source_language="es" source_offset="44979" source_length="23472" />
  <feature name="plagiarism" type="translation" manual_obfuscation="false" this_language="en" this_offset="169981" this_length="4456" source_reference="source-document05299.txt" source_language="es" source_offset="50642" source_length="4992" />
  <feature name="plagiarism" type="translation" manual_obfuscation="false" this_language="en" this_offset="182283" this_length="17144" source_reference="source-document08503.txt" source_language="es" source_offset="63102" source_length="19218" />
  <feature name="plagiarism" type="translation" manual_obfuscation="false" this_language="en" this_offset="203574" this_length="4546" source_reference="source-document08503.txt" source_language="es" source_offset="318096" source_length="5039" />
  <feature name="plagiarism" type="translation" manual_obfuscation="false" this_language="en" this_offset="214252" this_length="20723" source_reference="source-document10507.txt" source_language="es" source_offset="145630" source_length="23334" />
  <feature name="plagiarism" type="translation" manual_obfuscation="false" this_language="en" this_offset="242262" this_length="14349" source_reference="source-document10990.txt" source_language="es" source_offset="387455" source_length="16281" />
  <feature name="plagiarism" type="translation" manual_obfuscation="false" this_language="en" this_offset="261895" this_length="14177" source_reference="source-document10507.txt" source_language="es" source_offset="566893" source_length="15655" />
  <feature name="plagiarism" type="translation" manual_obfuscation="false" this_language="en" this_offset="286017" this_length="14929" source_reference="source-document09773.txt" source_language="es" source_offset="282688" source_length="16054" />
  <feature name="plagiarism" type="translation" manual_obfuscation="false" this_language="en" this_offset="303464" this_length="726" source_reference="source-document09773.txt" source_language="es" source_offset="246397" source_length="750" />
  <feature name="plagiarism" type="translation" manual_obfuscation="false" this_language="en" this_offset="307419" this_length="17326" source_reference="source-document03144.txt" source_language="es" source_offset="12616" source_length="19200" />
  <feature name="plagiarism" type="translation" manual_obfuscation="false" this_language="en" this_offset="330119" this_length="2596" source_reference="source-document10507.txt" source_language="es" source_offset="94227" source_length="3020" />
  <feature name="plagiarism" type="translation" manual_obfuscation="false" this_language="en" this_offset="335210" this_length="22665" source_reference="source-document10990.txt" source_language="es" source_offset="139170" source_length="24620" />
  <feature name="plagiarism" type="translation" manual_obfuscation="false" this_language="en" this_offset="374175" this_length="15373" source_reference="source-document02359.txt" source_language="es" source_offset="7388" source_length="17149" />
  <feature name="plagiarism" type="translation" manual_obfuscation="false" this_language="en" this_offset="394934" this_length="15950" source_reference="source-document10507.txt" source_language="es" source_offset="669478" source_length="17936" />
  <feature name="plagiarism" type="translation" manual_obfuscation="false" this_language="en" this_offset="414861" this_length="3151" source_reference="source-document10990.txt" source_language="es" source_offset="176757" source_length="3534" />
  <feature name="plagiarism" type="translation" manual_obfuscation="false" this_language="en" this_offset="426212" this_length="16612" source_reference="source-document01159.txt" source_language="es" source_offset="143217" source_length="18995" />
  <feature name="plagiarism" type="translation" manual_obfuscation="false" this_language="en" this_offset="443047" this_length="465" source_reference="source-document03144.txt" source_language="es" source_offset="37459" source_length="526" />
  <feature name="plagiarism" type="translation" manual_obfuscation="false" this_language="en" this_offset="449982" this_length="17853" source_reference="source-document05299.txt" source_language="es" source_offset="69917" source_length="20070" />
  <feature name="plagiarism" type="translation" manual_obfuscation="false" this_language="en" this_offset="471400" this_length="2236" source_reference="source-document02359.txt" source_language="es" source_offset="3182" source_length="2451" />
  <feature name="plagiarism" type="translation" manual_obfuscation="false" this_language="en" this_offset="480025" this_length="18048" source_reference="source-document09773.txt" source_language="es" source_offset="255994" source_length="19950" />
  <feature name="plagiarism" type="translation" manual_obfuscation="false" this_language="en" this_offset="503324" this_length="22547" source_reference="source-document01159.txt" source_language="es" source_offset="485075" source_length="25139" />
  <feature name="plagiarism" type="translation" manual_obfuscation="false" this_language="en" this_offset="534340" this_length="701" source_reference="source-document10990.txt" source_language="es" source_offset="377215" source_length="738" />
  <feature name="plagiarism" type="translation" manual_obfuscation="false" this_language="en" this_offset="540780" this_length="20094" source_reference="source-document01159.txt" source_language="es" source_offset="729880" source_length="22246" />
  <feature name="plagiarism" type="translation" manual_obfuscation="false" this_language="en" this_offset="565035" this_length="1732" source_reference="source-document08503.txt" source_language="es" source_offset="367419" source_length="1965" />
  <feature name="plagiarism" type="translation" manual_obfuscation="false" this_language="en" this_offset="567501" this_length="230" source_reference="source-document02537.txt" source_language="es" source_offset="2767" source_length="260" />
  <feature name="plagiarism" type="translation" manual_obfuscation="false" this_language="en" this_offset="571376" this_length="16796" source_reference="source-document10990.txt" source_language="es" source_offset="238813" source_length="18987" />
  <feature name="plagiarism" type="translation" manual_obfuscation="false" this_language="en" this_offset="593286" this_length="2351" source_reference="source-document10990.txt" source_language="es" source_offset="512393" source_length="2510" />
  <feature name="plagiarism" type="translation" manual_obfuscation="false" this_language="en" this_offset="596322" this_length="1344" source_reference="source-document02359.txt" source_language="es" source_offset="848" source_length="1558" />
  <feature name="plagiarism" type="translation" manual_obfuscation="false" this_language="en" this_offset="603519" this_length="18129" source_reference="source-document01159.txt" source_language="es" source_offset="255164" source_length="20789" />
  <feature name="plagiarism" type="translation" manual_obfuscation="false" this_language="en" this_offset="625941" this_length="2491" source_reference="source-document03144.txt" source_language="es" source_offset="8588" source_length="2688" />
  <feature name="plagiarism" type="translation" manual_obfuscation="false" this_language="en" this_offset="636254" this_length="16657" source_reference="source-document10990.txt" source_language="es" source_offset="26444" source_length="18705" />
  <feature name="plagiarism" type="translation" manual_obfuscation="false" this_language="en" this_offset="660625" this_length="19606" source_reference="source-document08503.txt" source_language="es" source_offset="506122" source_length="22535" />
  <feature name="plagiarism" type="translation" manual_obfuscation="false" this_language="en" this_offset="687261" this_length="14794" source_reference="source-document10990.txt" source_language="es" source_offset="353847" source_length="16475" />
  <feature name="plagiarism" type="translation" manual_obfuscation="false" this_language="en" this_offset="708322" this_length="18876" source_reference="source-document10507.txt" source_language="es" source_offset="820880" source_length="21249" />
  <feature name="plagiarism" type="translation" manual_obfuscation="false" this_language="en" this_offset="733757" this_length="16632" source_reference="source-document10990.txt" source_language="es" source_offset="261804" source_length="18825" />
  <feature name="plagiarism" type="translation" manual_obfuscation="false" this_language="en" this_offset="763080" this_length="18793" source_reference="source-document10507.txt" source_language="es" source_offset="797621" source_length="21150" />
  <feature name="plagiarism" type="translation" manual_obfuscation="false" this_language="en" this_offset="791955" this_length="14387" source_reference="source-document10507.txt" source_language="es" source_offset="1036097" source_length="16000" />
  <feature name="plagiarism" type="translation" manual_obfuscation="false" this_language="en" this_offset="811156" this_length="19364" source_reference="source-document08503.txt" source_language="es" source_offset="335927" source_length="21629" />
  <feature name="plagiarism" type="translation" manual_obfuscation="false" this_language="en" this_offset="835490" this_length="1367" source_reference="source-document01159.txt" source_language="es" source_offset="574521" source_length="1617" />
  <feature name="plagiarism" type="translation" manual_obfuscation="false" this_language="en" this_offset="844417" this_length="19211" source_reference="source-document10507.txt" source_language="es" source_offset="320325" source_length="21759" />
  <feature name="plagiarism" type="translation" manual_obfuscation="false" this_language="en" this_offset="871545" this_length="17876" source_reference="source-document01159.txt" source_language="es" source_offset="217723" source_length="20270" />
  <feature name="plagiarism" type="translation" manual_obfuscation="false" this_language="en" this_offset="899926" this_length="20227" source_reference="source-document08503.txt" source_language="es" source_offset="116665" source_length="23439" />
  <feature name="plagiarism" type="translation" manual_obfuscation="false" this_language="en" this_offset="924069" this_length="4193" source_reference="source-document10990.txt" source_language="es" source_offset="573455" source_length="4520" />
  <feature name="plagiarism" type="translation" manual_obfuscation="false" this_language="en" this_offset="933247" this_length="22312" source_reference="source-document10507.txt" source_language="es" source_offset="197945" source_length="24466" />
  <feature name="plagiarism" type="translation" manual_obfuscation="false" this_language="en" this_offset="967078" this_length="16691" source_reference="source-document09773.txt" source_language="es" source_offset="69204" source_length="18290" />
  <feature name="plagiarism" type="translation" manual_obfuscation="false" this_language="en" this_offset="986614" this_length="3107" source_reference="source-document10990.txt" source_language="es" source_offset="525637" source_length="3450" />
  <feature name="plagiarism" type="translation" manual_obfuscation="true" this_language="en" this_offset="991100" this_length="2407" source_reference="source-document02537.txt" source_language="es" source_offset="87" source_length="2680" />
  <feature name="plagiarism" type="translation" manual_obfuscation="false" this_language="en" this_offset="999723" this_length="19395" source_reference="source-document01159.txt" source_language="es" source_offset="99106" source_length="21905" />
  <feature name="plagiarism" type="translation" manual_obfuscation="false" this_language="en" this_offset="1023016" this_length="456" source_reference="source-document02359.txt" source_language="es" source_offset="25181" source_length="519" />
  <feature name="plagiarism" type="translation" manual_obfuscation="false" this_language="en" this_offset="1028765" this_length="22532" source_reference="source-document09773.txt" source_language="es" source_offset="18780" source_length="24756" />
  <feature name="plagiarism" type="translation" manual_obfuscation="false" this_language="en" this_offset="1057827" this_length="20550" source_reference="source-document01159.txt" source_language="es" source_offset="390622" source_length="23224" />
  <feature name="plagiarism" type="translation" manual_obfuscation="false" this_language="en" this_offset="1087518" this_length="725" source_reference="source-document03144.txt" source_language="es" source_offset="33408" source_length="820" />
  <feature name="plagiarism" type="translation" manual_obfuscation="false" this_language="en" this_offset="1088784" this_length="3906" source_reference="source-document10507.txt" source_language="es" source_offset="848906" source_length="4316" />
  <feature name="plagiarism" type="translation" manual_obfuscation="false" this_language="en" this_offset="1094423" this_length="3353" source_reference="source-document10507.txt" source_language="es" source_offset="483844" source_length="3768" />
  <feature name="plagiarism" type="translation" manual_obfuscation="false" this_language="en" this_offset="1099016" this_length="220" source_reference="source-document10507.txt" source_language="es" source_offset="907206" source_length="229" />
</document>

