﻿<?xml version="1.0" encoding="UTF-8"?>
<document reference="suspicious-document00079.txt">
  <feature name="about" authors="Lodge, Henry Cabot" title="Daniel Webster" lang="en" />
  <feature name="md5Hash" value="e486281026731d602544731e7a37c7a3" />
  <feature name="plagiarism" type="artificial" obfuscation="high" this_language="en" this_offset="94" this_length="4944" source_reference="source-document09843.txt" source_language="en" source_offset="11492" source_length="5074" />
  <feature name="plagiarism" type="artificial" obfuscation="high" this_language="en" this_offset="8991" this_length="10893" source_reference="source-document07530.txt" source_language="en" source_offset="39251" source_length="22994" />
  <feature name="plagiarism" type="artificial" obfuscation="high" this_language="en" this_offset="21030" this_length="1451" source_reference="source-document07530.txt" source_language="en" source_offset="78995" source_length="1491" />
  <feature name="plagiarism" type="artificial" obfuscation="high" this_language="en" this_offset="25980" this_length="16709" source_reference="source-document04943.txt" source_language="en" source_offset="7329" source_length="19655" />
  <feature name="plagiarism" type="artificial" obfuscation="high" this_language="en" this_offset="46036" this_length="16984" source_reference="source-document07530.txt" source_language="en" source_offset="20795" source_length="18103" />
  <feature name="plagiarism" type="artificial" obfuscation="high" this_language="en" this_offset="63278" this_length="853" source_reference="source-document07371.txt" source_language="en" source_offset="9479" source_length="818" />
  <feature name="plagiarism" type="artificial" obfuscation="high" this_language="en" this_offset="65897" this_length="11077" source_reference="source-document11025.txt" source_language="en" source_offset="159255" source_length="23260" />
  <feature name="plagiarism" type="artificial" obfuscation="high" this_language="en" this_offset="82245" this_length="7157" source_reference="source-document01748.txt" source_language="en" source_offset="68473" source_length="20485" />
  <feature name="plagiarism" type="artificial" obfuscation="high" this_language="en" this_offset="94030" this_length="9698" source_reference="source-document01748.txt" source_language="en" source_offset="1692" source_length="24751" />
  <feature name="plagiarism" type="artificial" obfuscation="high" this_language="en" this_offset="104533" this_length="794" source_reference="source-document07371.txt" source_language="en" source_offset="4382" source_length="1734" />
  <feature name="plagiarism" type="artificial" obfuscation="high" this_language="en" this_offset="108268" this_length="9078" source_reference="source-document07530.txt" source_language="en" source_offset="0" source_length="17485" />
  <feature name="plagiarism" type="artificial" obfuscation="high" this_language="en" this_offset="117843" this_length="1484" source_reference="source-document09843.txt" source_language="en" source_offset="860" source_length="1506" />
  <feature name="plagiarism" type="artificial" obfuscation="high" this_language="en" this_offset="119958" this_length="5748" source_reference="source-document01748.txt" source_language="en" source_offset="105844" source_length="19292" />
  <feature name="plagiarism" type="artificial" obfuscation="high" this_language="en" this_offset="129784" this_length="9128" source_reference="source-document01748.txt" source_language="en" source_offset="26593" source_length="22764" />
  <feature name="plagiarism" type="artificial" obfuscation="high" this_language="en" this_offset="141715" this_length="2475" source_reference="source-document01748.txt" source_language="en" source_offset="53679" source_length="2510" />
  <feature name="plagiarism" type="artificial" obfuscation="high" this_language="en" this_offset="147767" this_length="10264" source_reference="source-document10189.txt" source_language="en" source_offset="17037" source_length="20926" />
  <feature name="plagiarism" type="artificial" obfuscation="high" this_language="en" this_offset="159008" this_length="19680" source_reference="source-document11025.txt" source_language="en" source_offset="186456" source_length="24189" />
  <feature name="plagiarism" type="artificial" obfuscation="high" this_language="en" this_offset="182484" this_length="2323" source_reference="source-document07371.txt" source_language="en" source_offset="6946" source_length="2533" />
  <feature name="plagiarism" type="artificial" obfuscation="high" this_language="en" this_offset="185301" this_length="4223" source_reference="source-document01748.txt" source_language="en" source_offset="98145" source_length="4280" />
  <feature name="plagiarism" type="artificial" obfuscation="high" this_language="en" this_offset="190566" this_length="3575" source_reference="source-document01748.txt" source_language="en" source_offset="63850" source_length="3458" />
  <feature name="plagiarism" type="artificial" obfuscation="high" this_language="en" this_offset="196231" this_length="10958" source_reference="source-document11025.txt" source_language="en" source_offset="7964" source_length="18918" />
  <feature name="plagiarism" type="artificial" obfuscation="high" this_language="en" this_offset="211252" this_length="8373" source_reference="source-document11025.txt" source_language="en" source_offset="42788" source_length="24649" />
  <feature name="plagiarism" type="artificial" obfuscation="high" this_language="en" this_offset="221908" this_length="3743" source_reference="source-document01748.txt" source_language="en" source_offset="131092" source_length="3793" />
  <feature name="plagiarism" type="artificial" obfuscation="high" this_language="en" this_offset="225652" this_length="246" source_reference="source-document01748.txt" source_language="en" source_offset="92076" source_length="239" />
  <feature name="plagiarism" type="artificial" obfuscation="high" this_language="en" this_offset="228010" this_length="9034" source_reference="source-document11025.txt" source_language="en" source_offset="103042" source_length="19502" />
  <feature name="plagiarism" type="artificial" obfuscation="high" this_language="en" this_offset="241741" this_length="23208" source_reference="source-document11025.txt" source_language="en" source_offset="231184" source_length="22471" />
  <feature name="plagiarism" type="artificial" obfuscation="high" this_language="en" this_offset="266245" this_length="24723" source_reference="source-document11025.txt" source_language="en" source_offset="71262" source_length="23411" />
  <feature name="plagiarism" type="artificial" obfuscation="high" this_language="en" this_offset="296690" this_length="6156" source_reference="source-document06458.txt" source_language="en" source_offset="0" source_length="15098" />
  <feature name="plagiarism" type="artificial" obfuscation="high" this_language="en" this_offset="306557" this_length="22806" source_reference="source-document02227.txt" source_language="en" source_offset="241873" source_length="23365" />
  <feature name="plagiarism" type="artificial" obfuscation="high" this_language="en" this_offset="330738" this_length="2046" source_reference="source-document11025.txt" source_language="en" source_offset="35138" source_length="2151" />
  <feature name="plagiarism" type="artificial" obfuscation="high" this_language="en" this_offset="333819" this_length="4167" source_reference="source-document10189.txt" source_language="en" source_offset="6126" source_length="4167" />
  <feature name="plagiarism" type="artificial" obfuscation="high" this_language="en" this_offset="338473" this_length="7957" source_reference="source-document07530.txt" source_language="en" source_offset="63483" source_length="15512" />
  <feature name="plagiarism" type="artificial" obfuscation="high" this_language="en" this_offset="350811" this_length="14075" source_reference="source-document11025.txt" source_language="en" source_offset="213549" source_length="14974" />
  <feature name="plagiarism" type="artificial" obfuscation="high" this_language="en" this_offset="364887" this_length="6686" source_reference="source-document11025.txt" source_language="en" source_offset="260573" source_length="15508" />
  <feature name="plagiarism" type="artificial" obfuscation="high" this_language="en" this_offset="371574" this_length="2564" source_reference="source-document09843.txt" source_language="en" source_offset="17200" source_length="2454" />
  <feature name="plagiarism" type="artificial" obfuscation="high" this_language="en" this_offset="374139" this_length="243" source_reference="source-document07530.txt" source_language="en" source_offset="62718" source_length="257" />
  <feature name="plagiarism" type="artificial" obfuscation="high" this_language="en" this_offset="374383" this_length="211" source_reference="source-document11025.txt" source_language="en" source_offset="148743" source_length="238" />
  <feature name="plagiarism" type="artificial" obfuscation="high" this_language="en" this_offset="374595" this_length="248" source_reference="source-document09843.txt" source_language="en" source_offset="8649" source_length="241" />
  <feature name="plagiarism" type="artificial" obfuscation="high" this_language="en" this_offset="374844" this_length="283" source_reference="source-document11025.txt" source_language="en" source_offset="212714" source_length="266" />
  <feature name="plagiarism" type="artificial" obfuscation="high" this_language="en" this_offset="375128" this_length="248" source_reference="source-document05957.txt" source_language="en" source_offset="2941" source_length="258" />
  <feature name="plagiarism" type="artificial" obfuscation="high" this_language="en" this_offset="375377" this_length="247" source_reference="source-document08581.txt" source_language="en" source_offset="3548" source_length="244" />
  <feature name="plagiarism" type="artificial" obfuscation="high" this_language="en" this_offset="375625" this_length="220" source_reference="source-document01748.txt" source_language="en" source_offset="104484" source_length="242" />
</document>

