﻿<?xml version="1.0" encoding="UTF-8"?>
<document reference="suspicious-document00496.txt">
  <feature name="about" authors="Wells, Frederic DeWitt" title="The Man in Court" lang="en" />
  <feature name="md5Hash" value="9b28b6f9c9957310c3d61cd6d921f710" />
  <feature name="plagiarism" type="translation" manual_obfuscation="false" this_language="en" this_offset="548" this_length="15800" source_reference="source-document03657.txt" source_language="de" source_offset="180943" source_length="17949" />
  <feature name="plagiarism" type="translation" manual_obfuscation="false" this_language="en" this_offset="17742" this_length="21218" source_reference="source-document03657.txt" source_language="de" source_offset="115392" source_length="24218" />
  <feature name="plagiarism" type="translation" manual_obfuscation="false" this_language="en" this_offset="39380" this_length="2158" source_reference="source-document03657.txt" source_language="de" source_offset="353532" source_length="2488" />
  <feature name="plagiarism" type="translation" manual_obfuscation="false" this_language="en" this_offset="41853" this_length="18890" source_reference="source-document03657.txt" source_language="de" source_offset="320764" source_length="21284" />
  <feature name="plagiarism" type="translation" manual_obfuscation="false" this_language="en" this_offset="61960" this_length="21938" source_reference="source-document03657.txt" source_language="de" source_offset="256815" source_length="24815" />
  <feature name="plagiarism" type="translation" manual_obfuscation="false" this_language="en" this_offset="85746" this_length="20380" source_reference="source-document03657.txt" source_language="de" source_offset="14740" source_length="23388" />
  <feature name="plagiarism" type="translation" manual_obfuscation="false" this_language="en" this_offset="106902" this_length="14265" source_reference="source-document03657.txt" source_language="de" source_offset="45383" source_length="16020" />
  <feature name="plagiarism" type="translation" manual_obfuscation="false" this_language="en" this_offset="122011" this_length="17836" source_reference="source-document03657.txt" source_language="de" source_offset="199810" source_length="20260" />
  <feature name="plagiarism" type="translation" manual_obfuscation="false" this_language="en" this_offset="140808" this_length="14679" source_reference="source-document03657.txt" source_language="de" source_offset="226987" source_length="16644" />
  <feature name="plagiarism" type="translation" manual_obfuscation="false" this_language="en" this_offset="156747" this_length="14357" source_reference="source-document03657.txt" source_language="de" source_offset="299807" source_length="16268" />
  <feature name="plagiarism" type="translation" manual_obfuscation="false" this_language="en" this_offset="171377" this_length="15574" source_reference="source-document03657.txt" source_language="de" source_offset="63945" source_length="17531" />
  <feature name="plagiarism" type="translation" manual_obfuscation="false" this_language="en" this_offset="188144" this_length="15595" source_reference="source-document03657.txt" source_language="de" source_offset="152411" source_length="17793" />
  <feature name="plagiarism" type="translation" manual_obfuscation="false" this_language="en" this_offset="204355" this_length="464" source_reference="source-document03657.txt" source_language="de" source_offset="4502" source_length="507" />
  <feature name="plagiarism" type="translation" manual_obfuscation="false" this_language="en" this_offset="204820" this_length="233" source_reference="source-document03657.txt" source_language="de" source_offset="286447" source_length="273" />
  <feature name="plagiarism" type="translation" manual_obfuscation="false" this_language="en" this_offset="205293" this_length="645" source_reference="source-document03657.txt" source_language="de" source_offset="11025" source_length="725" />
  <feature name="plagiarism" type="translation" manual_obfuscation="false" this_language="en" this_offset="205939" this_length="226" source_reference="source-document03657.txt" source_language="de" source_offset="98363" source_length="232" />
</document>

