﻿<?xml version="1.0" encoding="UTF-8"?>
<document reference="suspicious-document00343.txt">
  <feature name="about" authors="Ellis, Edward Sylvester" title="Footprints in the Forest" lang="en" />
  <feature name="md5Hash" value="96f605c65d13380dcab36bfdb44c5ed8" />
  <feature name="plagiarism" type="artificial" obfuscation="high" this_language="en" this_offset="1271" this_length="14613" source_reference="source-document10239.txt" source_language="en" source_offset="288538" source_length="25016" />
  <feature name="plagiarism" type="artificial" obfuscation="high" this_language="en" this_offset="17635" this_length="16106" source_reference="source-document03078.txt" source_language="en" source_offset="11850" source_length="23661" />
  <feature name="plagiarism" type="artificial" obfuscation="high" this_language="en" this_offset="37058" this_length="20651" source_reference="source-document03583.txt" source_language="en" source_offset="1734" source_length="24044" />
  <feature name="plagiarism" type="artificial" obfuscation="high" this_language="en" this_offset="60076" this_length="15124" source_reference="source-document10239.txt" source_language="en" source_offset="186656" source_length="17051" />
  <feature name="plagiarism" type="artificial" obfuscation="high" this_language="en" this_offset="76505" this_length="22537" source_reference="source-document10239.txt" source_language="en" source_offset="27443" source_length="22902" />
  <feature name="plagiarism" type="artificial" obfuscation="high" this_language="en" this_offset="103265" this_length="16005" source_reference="source-document10239.txt" source_language="en" source_offset="236972" source_length="16852" />
  <feature name="plagiarism" type="artificial" obfuscation="high" this_language="en" this_offset="119759" this_length="23859" source_reference="source-document10239.txt" source_language="en" source_offset="354891" source_length="24518" />
  <feature name="plagiarism" type="artificial" obfuscation="high" this_language="en" this_offset="146300" this_length="10831" source_reference="source-document10239.txt" source_language="en" source_offset="315662" source_length="24067" />
  <feature name="plagiarism" type="artificial" obfuscation="high" this_language="en" this_offset="160243" this_length="8632" source_reference="source-document10239.txt" source_language="en" source_offset="152701" source_length="20151" />
  <feature name="plagiarism" type="artificial" obfuscation="high" this_language="en" this_offset="170451" this_length="2171" source_reference="source-document03583.txt" source_language="en" source_offset="28026" source_length="2425" />
  <feature name="plagiarism" type="artificial" obfuscation="high" this_language="en" this_offset="172850" this_length="519" source_reference="source-document03078.txt" source_language="en" source_offset="1160" source_length="526" />
  <feature name="plagiarism" type="artificial" obfuscation="high" this_language="en" this_offset="173370" this_length="13326" source_reference="source-document10239.txt" source_language="en" source_offset="268183" source_length="19805" />
  <feature name="plagiarism" type="artificial" obfuscation="high" this_language="en" this_offset="188918" this_length="18887" source_reference="source-document10239.txt" source_language="en" source_offset="118082" source_length="20489" />
  <feature name="plagiarism" type="artificial" obfuscation="high" this_language="en" this_offset="212182" this_length="22817" source_reference="source-document10239.txt" source_language="en" source_offset="73268" source_length="23424" />
  <feature name="plagiarism" type="artificial" obfuscation="high" this_language="en" this_offset="236862" this_length="21112" source_reference="source-document10239.txt" source_language="en" source_offset="206081" source_length="20851" />
  <feature name="plagiarism" type="artificial" obfuscation="high" this_language="en" this_offset="261115" this_length="10710" source_reference="source-document10239.txt" source_language="en" source_offset="2456" source_length="24987" />
  <feature name="plagiarism" type="artificial" obfuscation="high" this_language="en" this_offset="272388" this_length="746" source_reference="source-document10239.txt" source_language="en" source_offset="234577" source_length="719" />
  <feature name="plagiarism" type="artificial" obfuscation="high" this_language="en" this_offset="274911" this_length="22214" source_reference="source-document10239.txt" source_language="en" source_offset="50345" source_length="22774" />
  <feature name="plagiarism" type="artificial" obfuscation="high" this_language="en" this_offset="298049" this_length="748" source_reference="source-document03583.txt" source_language="en" source_offset="843" source_length="754" />
  <feature name="plagiarism" type="artificial" obfuscation="high" this_language="en" this_offset="298983" this_length="3941" source_reference="source-document03583.txt" source_language="en" source_offset="30451" source_length="4056" />
</document>

