﻿<?xml version="1.0" encoding="UTF-8"?>
<document reference="suspicious-document00452.txt">
  <feature name="about" authors="Norris, Frank" title="A Deal in Wheat and Other Stories of the New and Old West" lang="en" />
  <feature name="md5Hash" value="6689a8fdbc2307b9a5c706349856dabb" />
  <feature name="plagiarism" type="artificial" obfuscation="high" this_language="en" this_offset="1" this_length="1576" source_reference="source-document05654.txt" source_language="en" source_offset="33578" source_length="1585" />
  <feature name="plagiarism" type="artificial" obfuscation="high" this_language="en" this_offset="4801" this_length="14286" source_reference="source-document07779.txt" source_language="en" source_offset="322090" source_length="15051" />
  <feature name="plagiarism" type="artificial" obfuscation="high" this_language="en" this_offset="21709" this_length="15184" source_reference="source-document04080.txt" source_language="en" source_offset="27737" source_length="17249" />
  <feature name="plagiarism" type="artificial" obfuscation="high" this_language="en" this_offset="39758" this_length="8559" source_reference="source-document04080.txt" source_language="en" source_offset="4136" source_length="16432" />
  <feature name="plagiarism" type="artificial" obfuscation="high" this_language="en" this_offset="52560" this_length="1555" source_reference="source-document04080.txt" source_language="en" source_offset="137381" source_length="1561" />
  <feature name="plagiarism" type="artificial" obfuscation="high" this_language="en" this_offset="54836" this_length="18750" source_reference="source-document04673.txt" source_language="en" source_offset="5347" source_length="20541" />
  <feature name="plagiarism" type="artificial" obfuscation="high" this_language="en" this_offset="78542" this_length="2396" source_reference="source-document04080.txt" source_language="en" source_offset="93748" source_length="2455" />
  <feature name="plagiarism" type="artificial" obfuscation="high" this_language="en" this_offset="82268" this_length="14191" source_reference="source-document04080.txt" source_language="en" source_offset="121633" source_length="15748" />
  <feature name="plagiarism" type="artificial" obfuscation="high" this_language="en" this_offset="99561" this_length="2932" source_reference="source-document07779.txt" source_language="en" source_offset="442686" source_length="3272" />
  <feature name="plagiarism" type="artificial" obfuscation="high" this_language="en" this_offset="102992" this_length="16108" source_reference="source-document07779.txt" source_language="en" source_offset="130873" source_length="16372" />
  <feature name="plagiarism" type="artificial" obfuscation="high" this_language="en" this_offset="122908" this_length="803" source_reference="source-document04080.txt" source_language="en" source_offset="161316" source_length="803" />
  <feature name="plagiarism" type="artificial" obfuscation="high" this_language="en" this_offset="123712" this_length="1510" source_reference="source-document04080.txt" source_language="en" source_offset="110268" source_length="1491" />
  <feature name="plagiarism" type="artificial" obfuscation="high" this_language="en" this_offset="128599" this_length="15116" source_reference="source-document07779.txt" source_language="en" source_offset="7449" source_length="16525" />
  <feature name="plagiarism" type="artificial" obfuscation="high" this_language="en" this_offset="149693" this_length="17035" source_reference="source-document05654.txt" source_language="en" source_offset="2214" source_length="23050" />
  <feature name="plagiarism" type="artificial" obfuscation="high" this_language="en" this_offset="168530" this_length="14249" source_reference="source-document07779.txt" source_language="en" source_offset="378424" source_length="17999" />
  <feature name="plagiarism" type="artificial" obfuscation="high" this_language="en" this_offset="190950" this_length="23236" source_reference="source-document07779.txt" source_language="en" source_offset="211266" source_length="22104" />
  <feature name="plagiarism" type="artificial" obfuscation="high" this_language="en" this_offset="215552" this_length="9172" source_reference="source-document07779.txt" source_language="en" source_offset="176660" source_length="16534" />
  <feature name="plagiarism" type="artificial" obfuscation="high" this_language="en" this_offset="227959" this_length="1598" source_reference="source-document05654.txt" source_language="en" source_offset="37999" source_length="1553" />
  <feature name="plagiarism" type="artificial" obfuscation="high" this_language="en" this_offset="230339" this_length="2207" source_reference="source-document04080.txt" source_language="en" source_offset="112233" source_length="2246" />
  <feature name="plagiarism" type="artificial" obfuscation="high" this_language="en" this_offset="232785" this_length="1878" source_reference="source-document05654.txt" source_language="en" source_offset="36121" source_length="1878" />
  <feature name="plagiarism" type="artificial" obfuscation="high" this_language="en" this_offset="235715" this_length="3855" source_reference="source-document07779.txt" source_language="en" source_offset="37188" source_length="4073" />
  <feature name="plagiarism" type="artificial" obfuscation="high" this_language="en" this_offset="239868" this_length="728" source_reference="source-document04080.txt" source_language="en" source_offset="142946" source_length="709" />
</document>

