﻿<?xml version="1.0" encoding="UTF-8"?>
<document reference="suspicious-document00436.txt">
  <feature name="about" authors="Swedenborg, Emanuel" title="The Delights of Wisdom Pertaining to Conjugial Love" lang="en" />
  <feature name="md5Hash" value="223d949c10aaedecd998d29b97ecd20e" />
  <feature name="plagiarism" type="artificial" obfuscation="high" this_language="en" this_offset="96868" this_length="10931" source_reference="source-document05871.txt" source_language="en" source_offset="238931" source_length="22489" />
  <feature name="plagiarism" type="artificial" obfuscation="high" this_language="en" this_offset="141424" this_length="2036" source_reference="source-document05871.txt" source_language="en" source_offset="154061" source_length="2117" />
  <feature name="plagiarism" type="artificial" obfuscation="high" this_language="en" this_offset="159799" this_length="1785" source_reference="source-document05871.txt" source_language="en" source_offset="402181" source_length="1833" />
  <feature name="plagiarism" type="artificial" obfuscation="high" this_language="en" this_offset="166920" this_length="2513" source_reference="source-document05871.txt" source_language="en" source_offset="226587" source_length="2485" />
  <feature name="plagiarism" type="artificial" obfuscation="high" this_language="en" this_offset="199067" this_length="4037" source_reference="source-document05871.txt" source_language="en" source_offset="84473" source_length="3907" />
  <feature name="plagiarism" type="artificial" obfuscation="high" this_language="en" this_offset="211252" this_length="1964" source_reference="source-document05871.txt" source_language="en" source_offset="180063" source_length="1967" />
  <feature name="plagiarism" type="artificial" obfuscation="high" this_language="en" this_offset="221132" this_length="471" source_reference="source-document05871.txt" source_language="en" source_offset="414100" source_length="494" />
  <feature name="plagiarism" type="artificial" obfuscation="high" this_language="en" this_offset="223279" this_length="255" source_reference="source-document09321.txt" source_language="en" source_offset="5257" source_length="237" />
</document>

