﻿<?xml version="1.0" encoding="UTF-8"?>
<document reference="suspicious-document00351.txt">
  <feature name="about" authors="Nietzsche, Friedrich Wilhelm" title="Thoughts out of Season Part I" lang="en" />
  <feature name="md5Hash" value="ab59350a976c11fd065b4e2e54cfa30b" />
  <feature name="plagiarism" type="artificial" obfuscation="low" this_language="en" this_offset="4085" this_length="12597" source_reference="source-document06859.txt" source_language="en" source_offset="11660" source_length="15482" />
  <feature name="plagiarism" type="artificial" obfuscation="low" this_language="en" this_offset="19908" this_length="24468" source_reference="source-document06859.txt" source_language="en" source_offset="30942" source_length="24276" />
  <feature name="plagiarism" type="artificial" obfuscation="low" this_language="en" this_offset="51148" this_length="3282" source_reference="source-document00290.txt" source_language="en" source_offset="4812" source_length="3164" />
  <feature name="plagiarism" type="artificial" obfuscation="low" this_language="en" this_offset="55972" this_length="19454" source_reference="source-document00165.txt" source_language="en" source_offset="74698" source_length="19556" />
  <feature name="plagiarism" type="artificial" obfuscation="low" this_language="en" this_offset="81623" this_length="4396" source_reference="source-document06859.txt" source_language="en" source_offset="4358" source_length="4516" />
  <feature name="plagiarism" type="artificial" obfuscation="low" this_language="en" this_offset="87171" this_length="4456" source_reference="source-document06859.txt" source_language="en" source_offset="74311" source_length="4515" />
  <feature name="plagiarism" type="artificial" obfuscation="low" this_language="en" this_offset="97814" this_length="13276" source_reference="source-document06859.txt" source_language="en" source_offset="55977" source_length="16321" />
  <feature name="plagiarism" type="artificial" obfuscation="low" this_language="en" this_offset="114741" this_length="20041" source_reference="source-document00165.txt" source_language="en" source_offset="140986" source_length="24987" />
  <feature name="plagiarism" type="artificial" obfuscation="low" this_language="en" this_offset="139839" this_length="2020" source_reference="source-document06859.txt" source_language="en" source_offset="2002" source_length="2018" />
  <feature name="plagiarism" type="artificial" obfuscation="low" this_language="en" this_offset="145010" this_length="17534" source_reference="source-document00165.txt" source_language="en" source_offset="2329" source_length="16988" />
  <feature name="plagiarism" type="artificial" obfuscation="low" this_language="en" this_offset="165568" this_length="2356" source_reference="source-document00290.txt" source_language="en" source_offset="32925" source_length="2300" />
  <feature name="plagiarism" type="artificial" obfuscation="low" this_language="en" this_offset="170295" this_length="16038" source_reference="source-document00165.txt" source_language="en" source_offset="179408" source_length="16039" />
  <feature name="plagiarism" type="artificial" obfuscation="low" this_language="en" this_offset="190099" this_length="4238" source_reference="source-document00468.txt" source_language="en" source_offset="2188" source_length="4263" />
  <feature name="plagiarism" type="artificial" obfuscation="low" this_language="en" this_offset="195707" this_length="520" source_reference="source-document06859.txt" source_language="en" source_offset="354" source_length="519" />
  <feature name="plagiarism" type="artificial" obfuscation="low" this_language="en" this_offset="202608" this_length="21938" source_reference="source-document00165.txt" source_language="en" source_offset="100750" source_length="20766" />
  <feature name="plagiarism" type="artificial" obfuscation="low" this_language="en" this_offset="228722" this_length="12542" source_reference="source-document00290.txt" source_language="en" source_offset="13903" source_length="15269" />
  <feature name="plagiarism" type="artificial" obfuscation="low" this_language="en" this_offset="242791" this_length="256" source_reference="source-document00290.txt" source_language="en" source_offset="32658" source_length="267" />
  <feature name="plagiarism" type="artificial" obfuscation="low" this_language="en" this_offset="244393" this_length="5132" source_reference="source-document00165.txt" source_language="en" source_offset="168202" source_length="5010" />
  <feature name="plagiarism" type="artificial" obfuscation="low" this_language="en" this_offset="251408" this_length="20218" source_reference="source-document00165.txt" source_language="en" source_offset="38365" source_length="19485" />
  <feature name="plagiarism" type="artificial" obfuscation="low" this_language="en" this_offset="281967" this_length="21674" source_reference="source-document01126.txt" source_language="en" source_offset="39567" source_length="22020" />
  <feature name="plagiarism" type="artificial" obfuscation="low" this_language="en" this_offset="308474" this_length="19813" source_reference="source-document10102.txt" source_language="en" source_offset="6230" source_length="19799" />
  <feature name="plagiarism" type="artificial" obfuscation="low" this_language="en" this_offset="332540" this_length="3233" source_reference="source-document00290.txt" source_language="en" source_offset="9554" source_length="3186" />
  <feature name="plagiarism" type="artificial" obfuscation="low" this_language="en" this_offset="336629" this_length="4258" source_reference="source-document00468.txt" source_language="en" source_offset="13038" source_length="4424" />
  <feature name="plagiarism" type="artificial" obfuscation="low" this_language="en" this_offset="342378" this_length="804" source_reference="source-document00468.txt" source_language="en" source_offset="11619" source_length="805" />
  <feature name="plagiarism" type="artificial" obfuscation="low" this_language="en" this_offset="343183" this_length="477" source_reference="source-document00468.txt" source_language="en" source_offset="1275" source_length="475" />
  <feature name="plagiarism" type="artificial" obfuscation="low" this_language="en" this_offset="343661" this_length="237" source_reference="source-document00290.txt" source_language="en" source_offset="13211" source_length="241" />
</document>

