﻿<?xml version="1.0" encoding="UTF-8"?>
<document reference="suspicious-document00383.txt">
  <feature name="about" authors="White, Stewart Edward" title="The Land of Footprints" lang="en" />
  <feature name="md5Hash" value="8fb056f6198bf3d6d1bb1874dd679798" />
  <feature name="plagiarism" type="artificial" obfuscation="high" this_language="en" this_offset="1584" this_length="19220" source_reference="source-document02202.txt" source_language="en" source_offset="127671" source_length="20192" />
  <feature name="plagiarism" type="artificial" obfuscation="high" this_language="en" this_offset="24892" this_length="2730" source_reference="source-document02202.txt" source_language="en" source_offset="98094" source_length="2696" />
  <feature name="plagiarism" type="artificial" obfuscation="high" this_language="en" this_offset="27694" this_length="2492" source_reference="source-document02202.txt" source_language="en" source_offset="120257" source_length="2697" />
  <feature name="plagiarism" type="artificial" obfuscation="high" this_language="en" this_offset="30979" this_length="1780" source_reference="source-document02202.txt" source_language="en" source_offset="3393" source_length="1809" />
  <feature name="plagiarism" type="artificial" obfuscation="high" this_language="en" this_offset="35910" this_length="17421" source_reference="source-document02202.txt" source_language="en" source_offset="43924" source_length="19012" />
  <feature name="plagiarism" type="artificial" obfuscation="high" this_language="en" this_offset="58353" this_length="22593" source_reference="source-document02202.txt" source_language="en" source_offset="206231" source_length="25008" />
  <feature name="plagiarism" type="artificial" obfuscation="high" this_language="en" this_offset="85012" this_length="11557" source_reference="source-document02202.txt" source_language="en" source_offset="184532" source_length="20963" />
  <feature name="plagiarism" type="artificial" obfuscation="high" this_language="en" this_offset="100985" this_length="9148" source_reference="source-document02202.txt" source_language="en" source_offset="158339" source_length="20255" />
  <feature name="plagiarism" type="artificial" obfuscation="high" this_language="en" this_offset="115352" this_length="510" source_reference="source-document02202.txt" source_language="en" source_offset="183065" source_length="526" />
  <feature name="plagiarism" type="artificial" obfuscation="high" this_language="en" this_offset="117660" this_length="15772" source_reference="source-document02202.txt" source_language="en" source_offset="72914" source_length="19773" />
  <feature name="plagiarism" type="artificial" obfuscation="high" this_language="en" this_offset="136836" this_length="15728" source_reference="source-document02202.txt" source_language="en" source_offset="100951" source_length="17249" />
  <feature name="plagiarism" type="artificial" obfuscation="high" this_language="en" this_offset="156981" this_length="1445" source_reference="source-document02202.txt" source_language="en" source_offset="28164" source_length="1568" />
  <feature name="plagiarism" type="artificial" obfuscation="high" this_language="en" this_offset="161229" this_length="18837" source_reference="source-document02202.txt" source_language="en" source_offset="6698" source_length="19011" />
  <feature name="plagiarism" type="artificial" obfuscation="high" this_language="en" this_offset="181804" this_length="464" source_reference="source-document02202.txt" source_language="en" source_offset="148289" source_length="493" />
  <feature name="plagiarism" type="artificial" obfuscation="high" this_language="en" this_offset="186927" this_length="6717" source_reference="source-document10433.txt" source_language="en" source_offset="9316" source_length="17097" />
  <feature name="plagiarism" type="artificial" obfuscation="high" this_language="en" this_offset="194223" this_length="2884" source_reference="source-document03786.txt" source_language="en" source_offset="0" source_length="3738" />
  <feature name="plagiarism" type="artificial" obfuscation="high" this_language="en" this_offset="198896" this_length="9294" source_reference="source-document02202.txt" source_language="en" source_offset="232878" source_length="16160" />
  <feature name="plagiarism" type="artificial" obfuscation="high" this_language="en" this_offset="211820" this_length="18643" source_reference="source-document09027.txt" source_language="en" source_offset="7819" source_length="20240" />
  <feature name="plagiarism" type="artificial" obfuscation="high" this_language="en" this_offset="236935" this_length="10959" source_reference="source-document06318.txt" source_language="en" source_offset="969" source_length="18109" />
  <feature name="plagiarism" type="artificial" obfuscation="high" this_language="en" this_offset="250608" this_length="3741" source_reference="source-document10433.txt" source_language="en" source_offset="5174" source_length="4061" />
  <feature name="plagiarism" type="artificial" obfuscation="high" this_language="en" this_offset="255095" this_length="238" source_reference="source-document02202.txt" source_language="en" source_offset="38843" source_length="232" />
  <feature name="plagiarism" type="artificial" obfuscation="high" this_language="en" this_offset="256089" this_length="4542" source_reference="source-document10433.txt" source_language="en" source_offset="0" source_length="4705" />
  <feature name="plagiarism" type="artificial" obfuscation="high" this_language="en" this_offset="261151" this_length="3787" source_reference="source-document09027.txt" source_language="en" source_offset="1208" source_length="3972" />
  <feature name="plagiarism" type="artificial" obfuscation="high" this_language="en" this_offset="266461" this_length="1823" source_reference="source-document02202.txt" source_language="en" source_offset="358" source_length="2667" />
  <feature name="plagiarism" type="artificial" obfuscation="high" this_language="en" this_offset="268447" this_length="240" source_reference="source-document03786.txt" source_language="en" source_offset="3738" source_length="235" />
  <feature name="plagiarism" type="artificial" obfuscation="high" this_language="en" this_offset="269022" this_length="1464" source_reference="source-document10677.txt" source_language="en" source_offset="114586" source_length="1508" />
  <feature name="plagiarism" type="artificial" obfuscation="high" this_language="en" this_offset="270580" this_length="434" source_reference="source-document02202.txt" source_language="en" source_offset="180843" source_length="452" />
</document>

