﻿<?xml version="1.0" encoding="UTF-8"?>
<document reference="suspicious-document00037.txt">
  <feature name="about" authors="Carter, Herbert" title="The Boy Scouts' First Camp Fire or, Scouting with the Silver Fox Patrol" lang="en" />
  <feature name="md5Hash" value="20d9fe29c0e80cd0e3aacd3bd6d025f4" />
  <feature name="plagiarism" type="artificial" obfuscation="low" this_language="en" this_offset="257" this_length="2494" source_reference="source-document03254.txt" source_language="en" source_offset="82855" source_length="2515" />
  <feature name="plagiarism" type="artificial" obfuscation="low" this_language="en" this_offset="3080" this_length="715" source_reference="source-document03254.txt" source_language="en" source_offset="78079" source_length="699" />
  <feature name="plagiarism" type="artificial" obfuscation="low" this_language="en" this_offset="6625" this_length="16351" source_reference="source-document03254.txt" source_language="en" source_offset="11373" source_length="16288" />
  <feature name="plagiarism" type="artificial" obfuscation="low" this_language="en" this_offset="23509" this_length="17508" source_reference="source-document03254.txt" source_language="en" source_offset="100541" source_length="17458" />
  <feature name="plagiarism" type="artificial" obfuscation="low" this_language="en" this_offset="44078" this_length="4307" source_reference="source-document03254.txt" source_language="en" source_offset="51378" source_length="4419" />
  <feature name="plagiarism" type="artificial" obfuscation="low" this_language="en" this_offset="50099" this_length="12046" source_reference="source-document03254.txt" source_language="en" source_offset="149462" source_length="17740" />
  <feature name="plagiarism" type="artificial" obfuscation="low" this_language="en" this_offset="64093" this_length="2267" source_reference="source-document03254.txt" source_language="en" source_offset="168560" source_length="2322" />
  <feature name="plagiarism" type="artificial" obfuscation="low" this_language="en" this_offset="68383" this_length="11375" source_reference="source-document03254.txt" source_language="en" source_offset="120825" source_length="14918" />
  <feature name="plagiarism" type="artificial" obfuscation="low" this_language="en" this_offset="80994" this_length="16955" source_reference="source-document03254.txt" source_language="en" source_offset="28886" source_length="21773" />
  <feature name="plagiarism" type="artificial" obfuscation="low" this_language="en" this_offset="102074" this_length="23504" source_reference="source-document04097.txt" source_language="en" source_offset="41546" source_length="23568" />
  <feature name="plagiarism" type="artificial" obfuscation="low" this_language="en" this_offset="132960" this_length="22524" source_reference="source-document02991.txt" source_language="en" source_offset="404" source_length="22703" />
  <feature name="plagiarism" type="artificial" obfuscation="low" this_language="en" this_offset="156117" this_length="4908" source_reference="source-document03254.txt" source_language="en" source_offset="141855" source_length="5013" />
  <feature name="plagiarism" type="artificial" obfuscation="low" this_language="en" this_offset="161796" this_length="3527" source_reference="source-document03254.txt" source_language="en" source_offset="95209" source_length="3565" />
  <feature name="plagiarism" type="artificial" obfuscation="low" this_language="en" this_offset="168292" this_length="15786" source_reference="source-document06744.txt" source_language="en" source_offset="516454" source_length="16945" />
  <feature name="plagiarism" type="artificial" obfuscation="low" this_language="en" this_offset="184665" this_length="4458" source_reference="source-document03254.txt" source_language="en" source_offset="5378" source_length="4671" />
  <feature name="plagiarism" type="artificial" obfuscation="low" this_language="en" this_offset="190299" this_length="16194" source_reference="source-document04097.txt" source_language="en" source_offset="65114" source_length="16475" />
  <feature name="plagiarism" type="artificial" obfuscation="low" this_language="en" this_offset="210690" this_length="17316" source_reference="source-document04097.txt" source_language="en" source_offset="24201" source_length="17345" />
  <feature name="plagiarism" type="artificial" obfuscation="low" this_language="en" this_offset="230558" this_length="17074" source_reference="source-document03905.txt" source_language="en" source_offset="127944" source_length="17203" />
  <feature name="plagiarism" type="artificial" obfuscation="low" this_language="en" this_offset="249091" this_length="1394" source_reference="source-document06744.txt" source_language="en" source_offset="389109" source_length="1476" />
  <feature name="plagiarism" type="artificial" obfuscation="low" this_language="en" this_offset="251220" this_length="21429" source_reference="source-document06744.txt" source_language="en" source_offset="281127" source_length="23207" />
  <feature name="plagiarism" type="artificial" obfuscation="low" this_language="en" this_offset="276382" this_length="3447" source_reference="source-document06744.txt" source_language="en" source_offset="15779" source_length="3555" />
  <feature name="plagiarism" type="artificial" obfuscation="low" this_language="en" this_offset="280760" this_length="3942" source_reference="source-document06744.txt" source_language="en" source_offset="275944" source_length="4140" />
  <feature name="plagiarism" type="artificial" obfuscation="low" this_language="en" this_offset="285272" this_length="3940" source_reference="source-document06744.txt" source_language="en" source_offset="471724" source_length="4083" />
  <feature name="plagiarism" type="artificial" obfuscation="low" this_language="en" this_offset="289864" this_length="4144" source_reference="source-document06744.txt" source_language="en" source_offset="124228" source_length="4288" />
  <feature name="plagiarism" type="artificial" obfuscation="low" this_language="en" this_offset="294718" this_length="4130" source_reference="source-document04097.txt" source_language="en" source_offset="3841" source_length="4105" />
  <feature name="plagiarism" type="artificial" obfuscation="low" this_language="en" this_offset="299342" this_length="767" source_reference="source-document06744.txt" source_language="en" source_offset="107337" source_length="770" />
  <feature name="plagiarism" type="artificial" obfuscation="low" this_language="en" this_offset="300240" this_length="506" source_reference="source-document06744.txt" source_language="en" source_offset="412738" source_length="522" />
</document>

