﻿<?xml version="1.0" encoding="UTF-8"?>
<document reference="suspicious-document00447.txt">
  <feature name="about" authors="Wilkinson, Spenser" title="Lessons of the War Being Comments from Week to Week to the Relief of Ladysmith" lang="en" />
  <feature name="md5Hash" value="9a772b1587994fbc4d989b22b15e6bee" />
  <feature name="plagiarism" type="artificial" obfuscation="high" this_language="en" this_offset="343" this_length="3972" source_reference="source-document01769.txt" source_language="en" source_offset="16980" source_length="5013" />
  <feature name="plagiarism" type="artificial" obfuscation="high" this_language="en" this_offset="9465" this_length="491" source_reference="source-document02910.txt" source_language="en" source_offset="2887" source_length="500" />
  <feature name="plagiarism" type="artificial" obfuscation="high" this_language="en" this_offset="10602" this_length="691" source_reference="source-document02910.txt" source_language="en" source_offset="2172" source_length="715" />
  <feature name="plagiarism" type="artificial" obfuscation="high" this_language="en" this_offset="11544" this_length="274" source_reference="source-document02910.txt" source_language="en" source_offset="3487" source_length="252" />
  <feature name="plagiarism" type="artificial" obfuscation="high" this_language="en" this_offset="12187" this_length="244" source_reference="source-document01769.txt" source_language="en" source_offset="5313" source_length="270" />
  <feature name="plagiarism" type="artificial" obfuscation="high" this_language="en" this_offset="13178" this_length="480" source_reference="source-document01769.txt" source_language="en" source_offset="21993" source_length="496" />
  <feature name="plagiarism" type="artificial" obfuscation="high" this_language="en" this_offset="14159" this_length="241" source_reference="source-document01769.txt" source_language="en" source_offset="15836" source_length="248" />
</document>

