﻿<?xml version="1.0" encoding="UTF-8"?>
<document reference="suspicious-document00093.txt">
  <feature name="about" authors="Sleeman, William" title="A Journey through the Kingdom of Oude, Volumes I &amp; II" lang="en" />
  <feature name="md5Hash" value="34decc4a3aac37ed2ccc19e532c8219d" />
  <feature name="plagiarism" type="artificial" obfuscation="high" this_language="en" this_offset="2395" this_length="13396" source_reference="source-document02877.txt" source_language="en" source_offset="354337" source_length="23735" />
  <feature name="plagiarism" type="artificial" obfuscation="high" this_language="en" this_offset="22982" this_length="15535" source_reference="source-document02877.txt" source_language="en" source_offset="138124" source_length="15734" />
  <feature name="plagiarism" type="artificial" obfuscation="high" this_language="en" this_offset="44528" this_length="16805" source_reference="source-document02877.txt" source_language="en" source_offset="378789" source_length="17017" />
  <feature name="plagiarism" type="artificial" obfuscation="high" this_language="en" this_offset="68504" this_length="22452" source_reference="source-document02877.txt" source_language="en" source_offset="250193" source_length="22345" />
  <feature name="plagiarism" type="artificial" obfuscation="high" this_language="en" this_offset="96213" this_length="13548" source_reference="source-document02877.txt" source_language="en" source_offset="534879" source_length="24865" />
  <feature name="plagiarism" type="artificial" obfuscation="high" this_language="en" this_offset="118528" this_length="16600" source_reference="source-document02877.txt" source_language="en" source_offset="453690" source_length="18224" />
  <feature name="plagiarism" type="artificial" obfuscation="high" this_language="en" this_offset="142890" this_length="22091" source_reference="source-document02877.txt" source_language="en" source_offset="187020" source_length="23072" />
  <feature name="plagiarism" type="artificial" obfuscation="high" this_language="en" this_offset="172234" this_length="18897" source_reference="source-document02877.txt" source_language="en" source_offset="411167" source_length="19941" />
  <feature name="plagiarism" type="artificial" obfuscation="high" this_language="en" this_offset="194427" this_length="20236" source_reference="source-document02877.txt" source_language="en" source_offset="502025" source_length="20954" />
  <feature name="plagiarism" type="artificial" obfuscation="high" this_language="en" this_offset="224458" this_length="11503" source_reference="source-document02877.txt" source_language="en" source_offset="164054" source_length="22473" />
  <feature name="plagiarism" type="artificial" obfuscation="high" this_language="en" this_offset="240670" this_length="2299" source_reference="source-document02877.txt" source_language="en" source_offset="120783" source_length="2448" />
  <feature name="plagiarism" type="artificial" obfuscation="high" this_language="en" this_offset="245727" this_length="14423" source_reference="source-document02877.txt" source_language="en" source_offset="82468" source_length="16067" />
  <feature name="plagiarism" type="artificial" obfuscation="high" this_language="en" this_offset="266584" this_length="24387" source_reference="source-document02877.txt" source_language="en" source_offset="293539" source_length="24845" />
  <feature name="plagiarism" type="artificial" obfuscation="high" this_language="en" this_offset="298899" this_length="8539" source_reference="source-document02877.txt" source_language="en" source_offset="472189" source_length="18291" />
  <feature name="plagiarism" type="artificial" obfuscation="high" this_language="en" this_offset="312261" this_length="15913" source_reference="source-document02877.txt" source_language="en" source_offset="431941" source_length="17022" />
  <feature name="plagiarism" type="artificial" obfuscation="high" this_language="en" this_offset="332060" this_length="1580" source_reference="source-document02877.txt" source_language="en" source_offset="72162" source_length="1683" />
  <feature name="plagiarism" type="artificial" obfuscation="high" this_language="en" this_offset="334084" this_length="763" source_reference="source-document02877.txt" source_language="en" source_offset="328069" source_length="778" />
  <feature name="plagiarism" type="artificial" obfuscation="high" this_language="en" this_offset="335123" this_length="259" source_reference="source-document02877.txt" source_language="en" source_offset="104806" source_length="274" />
  <feature name="plagiarism" type="artificial" obfuscation="high" this_language="en" this_offset="335383" this_length="236" source_reference="source-document02877.txt" source_language="en" source_offset="137756" source_length="265" />
</document>

