﻿<?xml version="1.0" encoding="UTF-8"?>
<document reference="suspicious-document00443.txt">
  <feature name="about" authors="Ballantyne, Robert Michael" title="The Rover of the Andes A Tale of Adventure on South America" lang="en" />
  <feature name="md5Hash" value="352d66d62c6bcebaa43a75df60625cfc" />
  <feature name="plagiarism" type="artificial" obfuscation="low" this_language="en" this_offset="213" this_length="2206" source_reference="source-document06905.txt" source_language="en" source_offset="284776" source_length="2219" />
  <feature name="plagiarism" type="artificial" obfuscation="low" this_language="en" this_offset="4307" this_length="14670" source_reference="source-document09881.txt" source_language="en" source_offset="762366" source_length="18076" />
  <feature name="plagiarism" type="artificial" obfuscation="low" this_language="en" this_offset="19351" this_length="23255" source_reference="source-document06905.txt" source_language="en" source_offset="472404" source_length="24426" />
  <feature name="plagiarism" type="artificial" obfuscation="low" this_language="en" this_offset="46602" this_length="19844" source_reference="source-document10511.txt" source_language="en" source_offset="288989" source_length="18729" />
  <feature name="plagiarism" type="artificial" obfuscation="low" this_language="en" this_offset="68540" this_length="20878" source_reference="source-document04818.txt" source_language="en" source_offset="22235" source_length="21811" />
  <feature name="plagiarism" type="artificial" obfuscation="low" this_language="en" this_offset="92052" this_length="19487" source_reference="source-document07152.txt" source_language="en" source_offset="61343" source_length="20066" />
  <feature name="plagiarism" type="artificial" obfuscation="low" this_language="en" this_offset="113842" this_length="20204" source_reference="source-document07152.txt" source_language="en" source_offset="132770" source_length="20436" />
  <feature name="plagiarism" type="artificial" obfuscation="low" this_language="en" this_offset="136124" this_length="21162" source_reference="source-document06905.txt" source_language="en" source_offset="631299" source_length="21002" />
  <feature name="plagiarism" type="artificial" obfuscation="low" this_language="en" this_offset="159308" this_length="12412" source_reference="source-document07152.txt" source_language="en" source_offset="201193" source_length="17461" />
  <feature name="plagiarism" type="artificial" obfuscation="low" this_language="en" this_offset="173503" this_length="17959" source_reference="source-document06905.txt" source_language="en" source_offset="317020" source_length="18467" />
  <feature name="plagiarism" type="artificial" obfuscation="low" this_language="en" this_offset="192744" this_length="2434" source_reference="source-document04232.txt" source_language="en" source_offset="7237" source_length="2548" />
  <feature name="plagiarism" type="artificial" obfuscation="low" this_language="en" this_offset="195798" this_length="18847" source_reference="source-document07152.txt" source_language="en" source_offset="87346" source_length="19015" />
  <feature name="plagiarism" type="artificial" obfuscation="low" this_language="en" this_offset="216993" this_length="23109" source_reference="source-document04818.txt" source_language="en" source_offset="171611" source_length="23618" />
  <feature name="plagiarism" type="artificial" obfuscation="low" this_language="en" this_offset="241935" this_length="15385" source_reference="source-document10511.txt" source_language="en" source_offset="104635" source_length="15410" />
  <feature name="plagiarism" type="artificial" obfuscation="low" this_language="en" this_offset="259969" this_length="19407" source_reference="source-document09881.txt" source_language="en" source_offset="596965" source_length="19719" />
  <feature name="plagiarism" type="artificial" obfuscation="low" this_language="en" this_offset="281740" this_length="16621" source_reference="source-document04818.txt" source_language="en" source_offset="55652" source_length="17399" />
  <feature name="plagiarism" type="artificial" obfuscation="low" this_language="en" this_offset="300386" this_length="21642" source_reference="source-document10511.txt" source_language="en" source_offset="256126" source_length="21733" />
  <feature name="plagiarism" type="artificial" obfuscation="low" this_language="en" this_offset="323813" this_length="16297" source_reference="source-document07152.txt" source_language="en" source_offset="174337" source_length="24930" />
  <feature name="plagiarism" type="artificial" obfuscation="low" this_language="en" this_offset="342607" this_length="5058" source_reference="source-document07152.txt" source_language="en" source_offset="51866" source_length="5023" />
  <feature name="plagiarism" type="artificial" obfuscation="low" this_language="en" this_offset="348235" this_length="2029" source_reference="source-document04818.txt" source_language="en" source_offset="110973" source_length="2024" />
  <feature name="plagiarism" type="artificial" obfuscation="low" this_language="en" this_offset="350486" this_length="2734" source_reference="source-document09881.txt" source_language="en" source_offset="848729" source_length="2725" />
  <feature name="plagiarism" type="artificial" obfuscation="low" this_language="en" this_offset="354576" this_length="21560" source_reference="source-document10511.txt" source_language="en" source_offset="338498" source_length="20955" />
  <feature name="plagiarism" type="artificial" obfuscation="low" this_language="en" this_offset="377272" this_length="1483" source_reference="source-document04818.txt" source_language="en" source_offset="278314" source_length="1468" />
  <feature name="plagiarism" type="artificial" obfuscation="low" this_language="en" this_offset="378936" this_length="2680" source_reference="source-document07152.txt" source_language="en" source_offset="13919" source_length="2668" />
  <feature name="plagiarism" type="artificial" obfuscation="low" this_language="en" this_offset="382158" this_length="17845" source_reference="source-document04818.txt" source_language="en" source_offset="121026" source_length="19348" />
  <feature name="plagiarism" type="artificial" obfuscation="low" this_language="en" this_offset="402772" this_length="20806" source_reference="source-document07152.txt" source_language="en" source_offset="26466" source_length="24063" />
  <feature name="plagiarism" type="artificial" obfuscation="low" this_language="en" this_offset="425230" this_length="810" source_reference="source-document04751.txt" source_language="en" source_offset="1899" source_length="771" />
  <feature name="plagiarism" type="artificial" obfuscation="low" this_language="en" this_offset="427076" this_length="17318" source_reference="source-document09881.txt" source_language="en" source_offset="798751" source_length="20486" />
  <feature name="plagiarism" type="artificial" obfuscation="low" this_language="en" this_offset="445903" this_length="2910" source_reference="source-document04818.txt" source_language="en" source_offset="77056" source_length="3074" />
  <feature name="plagiarism" type="artificial" obfuscation="low" this_language="en" this_offset="449960" this_length="13995" source_reference="source-document07152.txt" source_language="en" source_offset="107247" source_length="18658" />
  <feature name="plagiarism" type="artificial" obfuscation="low" this_language="en" this_offset="465086" this_length="234" source_reference="source-document09881.txt" source_language="en" source_offset="136889" source_length="237" />
  <feature name="plagiarism" type="artificial" obfuscation="low" this_language="en" this_offset="465321" this_length="1729" source_reference="source-document09881.txt" source_language="en" source_offset="356623" source_length="1734" />
  <feature name="plagiarism" type="artificial" obfuscation="low" this_language="en" this_offset="468787" this_length="12998" source_reference="source-document04818.txt" source_language="en" source_offset="289913" source_length="17808" />
  <feature name="plagiarism" type="artificial" obfuscation="low" this_language="en" this_offset="482199" this_length="264" source_reference="source-document07152.txt" source_language="en" source_offset="3644" source_length="263" />
  <feature name="plagiarism" type="artificial" obfuscation="low" this_language="en" this_offset="482464" this_length="499" source_reference="source-document10511.txt" source_language="en" source_offset="10939" source_length="532" />
  <feature name="plagiarism" type="artificial" obfuscation="low" this_language="en" this_offset="483064" this_length="2480" source_reference="source-document04232.txt" source_language="en" source_offset="3334" source_length="2467" />
  <feature name="plagiarism" type="artificial" obfuscation="low" this_language="en" this_offset="486082" this_length="2703" source_reference="source-document10511.txt" source_language="en" source_offset="146244" source_length="2656" />
  <feature name="plagiarism" type="artificial" obfuscation="low" this_language="en" this_offset="488871" this_length="2207" source_reference="source-document04232.txt" source_language="en" source_offset="976" source_length="2236" />
  <feature name="plagiarism" type="artificial" obfuscation="low" this_language="en" this_offset="491079" this_length="264" source_reference="source-document04232.txt" source_language="en" source_offset="6310" source_length="260" />
  <feature name="plagiarism" type="artificial" obfuscation="low" this_language="en" this_offset="491621" this_length="238" source_reference="source-document04751.txt" source_language="en" source_offset="942" source_length="247" />
  <feature name="plagiarism" type="artificial" obfuscation="low" this_language="en" this_offset="491860" this_length="742" source_reference="source-document04818.txt" source_language="en" source_offset="241130" source_length="739" />
  <feature name="plagiarism" type="artificial" obfuscation="low" this_language="en" this_offset="492603" this_length="246" source_reference="source-document10511.txt" source_language="en" source_offset="324213" source_length="259" />
  <feature name="plagiarism" type="artificial" obfuscation="low" this_language="en" this_offset="492850" this_length="255" source_reference="source-document06905.txt" source_language="en" source_offset="834927" source_length="269" />
</document>

